{"cameraMode":{"drawMode":0,"name":"Shaded","section":"Shading Mode"},"sceneLighting":true,"audioPlay":false,"sceneViewState":{"showFog":true,"showMaterialUpdate":false,"showSkybox":true,"showFlares":true,"showImageEffects":true,"showParticleSystems":true},"in2DMode":false,"pivot":{"x":-5.212689399719238,"y":2.8078184127807619,"z":-1.7012085914611817},"rotation":{"x":-0.102464459836483,"y":0.6601418852806091,"z":-0.09227655082941055,"w":-0.7386077642440796},"size":3.1004464626312258,"orthographic":false}